P#,TITLE,PRODUCTIONDIRECTOR,PLAYAUTHOR
1,Wind Blows,Henry,William
2,Blue sky,Diana,Brown
3,Wind,John,David
4,The Fire,Jane,Lisa
5,Water Flow,John,Jenny
6,Trees,Simon,Jones
7,Flowers,Peter,Watson
8,house,Helen,Ann
9,Museum,Lee,Clinton
10,Exibition,Lusie,Lilly
11,Villages,James,Tom
12,Friends,Simon,Barkley
13,Neighbourhood,Mohammod,Patel
14,Meet Again,Yang,Diana
15,Fight,Phillip,William
16,Star War,David,Lisa
17,Panda,Adam,Ben
18,Avitar,Kely,George
19,Train,Brown,Claire
20,Birds,Smith,James
21,Raining Day,Watson,Clarke
22,Snow Man,Wen,Anna
23,The World,Suffy,Bush
24,Pacific,Marks,Spenser
25,Windows,Sina,Tania
26,Flying,Luke,Martin
27,Colour of Life,Lora,Toms
28,Memory,Amer,Patel
29,Future Road,Victoria,Clarke
30,The Past,Jane,Diana
31,The City,Tom,Mike
32,My Dream,Hudson,Claire
33,The Lake,Dean,Matthew
34,The Late Spring,Chris,Brown
35,Sory of Aumtum,Paco,Lee
36,New World,Fiddler,Steve
37,Soldier,Pam,Watt
38,Pink Flight,Bob,Brown
39,Smoke,Mike,Jacky
40,Her memory,Diana,Susan
41,Fighter,Lin,Xu
42,Peace,Jenkins,Jones
43,Who am I ?,Jim,Helen
44,Five Men,Peter,Mike
45,Brothers,Sally,Hana
46,Mum,Ralph,Mario
47,Remote Places,Eric,Ian
48,Desert,Howell,Jones
49,Ocean,Henry,Kenny
50,Fish and Man,Henry,Brown
51,Winter Wind,Youd,Sarah
52,Sun in the Summer,Will,Ali
53,Beach,Stephen,Manal
54,Heaven,Mohaned,Majid
55,Her Father,Carmel,Malde
56,Blood,Smith,Clarke
57,Flood,Shireen,William
58,Cloud,Jethro,Brown
59,Two Sisters,Volkan,Uslan
60,Flight to Paris,Martin,King
61,Berlin Wall,Luke,Ben
62,Story of Kitchen ,Simon,Mary
63,Kick Up,Maria,Chris
64,Once Agin,Adam,Bede
65,The Way to Success,Alesky,Dominik
66,Father and Son,Ewa,Fhilip
67,Family,Irina,Isabela
68,Impossible,Helen,Marta
69,Strike,Norbert,Monika
70,Morning Sunshine,Otto,Brown
71,London Bridge,Lucy,Leon
72,The Big Ben,Wladimir,Sofia
73,Pyramid,Aiden,Alina
74,Your Turn,Baldric,Jacob
75,Back to Home,Ethan,Emma
76,Lasting friendship,Emily,Mia
77,Meet Again,Olivia,Daniel
78,Old Man,Anthony,Alexander
